ingre_id,﻿ingre_name,ingre_unit,ingre_main,ingre_img
1,대창,g,0,
2,양파,개,0,https://dthumb-phinf.pstatic.net/?src=%22https%3A%2F%2Fdbscthumb-phinf.pstatic.net%2F0700_000_1%2F20110809154649352_CZFWKOYTG.jpg%2F294_i1.jpg%3Ftype%3Dw450_fst_n%22&twidth=226&theight=226&opts=10
3,꽈리고추,개,0,https://dthumb-phinf.pstatic.net/?src=%22https%3A%2F%2Fdbscthumb-phinf.pstatic.net%2F2758_000_1%2F20131008175422936_8LYO0XVIO.jpg%2F120_i1.jpg%3Ftype%3Dw450_fst_n%22&twidth=226&theight=226&opts=10
4,새송이버섯,개,0,https://dthumb-phinf.pstatic.net/?src=%22https%3A%2F%2Fdbscthumb-phinf.pstatic.net%2F2758_000_1%2F20131008175149559_BFYZUF1YL.jpg%2F65_i1.jpg%3Ftype%3Dw450_fst_n%22&twidth=226&theight=226&opts=10
5,달걀노른자,개,0,https://dthumb-phinf.pstatic.net/?src=%22https%3A%2F%2Fdbscthumb-phinf.pstatic.net%2F2758_000_1%2F20131008180144688_01NN9AQE6.jpg%2F348_i1.jpg%3Ftype%3Dw450_fst_n%22&twidth=226&theight=226&opts=10
6,밥,공기,0,
7,와사비,약간,1,https://dthumb-phinf.pstatic.net/?src=%22https%3A%2F%2Fdbscthumb-phinf.pstatic.net%2F2984_000_1%2F20140407161421662_810NJBC3R.jpg%2Fi-343_4-1.jpg%3Ftype%3Dw450_fst_n%22&twidth=226&theight=226&opts=10
8,식용유,약간,1,https://dthumb-phinf.pstatic.net/?src=%22https%3A%2F%2Fdbscthumb-phinf.pstatic.net%2F2644_000_1%2F20171025190300462_XJOX97E3C.jpg%2F8282cded-ed79-42.jpg%3Ftype%3Dw450_fst_nce%22&twidth=226&theight=226&opts=17
9,데리야끼소스,숟가락,1,
10,맛술,숟가락,1,https://dthumb-phinf.pstatic.net/?src=%22https%3A%2F%2Fdbscthumb-phinf.pstatic.net%2F2758_000_1%2F20131008181830754_W5P4KMNRR.jpg%2F836_i1.jpg%3Ftype%3Dw450_fst_n%22&twidth=226&theight=226&opts=10
11,소고기,g,0,https://dthumb-phinf.pstatic.net/?src=%22https%3A%2F%2Fdbscthumb-phinf.pstatic.net%2F2984_000_1%2F20140407160133261_8M5QH94XI.jpg%2Fi-169_1-1.jpg%3Ftype%3Dw450_fst_n%22&twidth=226&theight=226&opts=17
12,미나리,g,0,https://dthumb-phinf.pstatic.net/?src=%22https%3A%2F%2Fdbscthumb-phinf.pstatic.net%2F2543_000_1%2F20130718160035408_FCMU144PQ.jpg%2F1942_1.jpg%3Ftype%3Dw450_fst_n%22&twidth=226&theight=226&opts=17
13,홍고추,개,0,https://dthumb-phinf.pstatic.net/?src=%22https%3A%2F%2Fdbscthumb-phinf.pstatic.net%2F2758_000_1%2F20131008175429048_FW74Z1ZPW.jpg%2F125_i1.jpg%3Ftype%3Dw450_fst_n%22&twidth=226&theight=226&opts=10
14,달걀,개,0,https://dthumb-phinf.pstatic.net/?src=%22https%3A%2F%2Fdbscthumb-phinf.pstatic.net%2F2543_000_1%2F20130718155841718_AQY1HZR27.jpg%2F1246_1.jpg%3Ftype%3Dw450_fst_n%22&twidth=226&theight=226&opts=17
15,고추장,g,1,https://dthumb-phinf.pstatic.net/?src=%22https%3A%2F%2Fdbscthumb-phinf.pstatic.net%2F1767_000_1%2F20130118164359618_C80FD29K2.jpg%2Ffe49_30_i1.jpg%3Ftype%3Dw450_fst_n%22&twidth=226&theight=226&opts=10
16,식초,ml,1,https://dthumb-phinf.pstatic.net/?src=%22https%3A%2F%2Fdbscthumb-phinf.pstatic.net%2F2644_000_2%2F20150324145204969_37V7QNIIH.jpg%2Fb03c18e4-6592-4f.jpg%3Ftype%3Dw450_fst_nce%22&twidth=226&theight=226&opts=17
17,설탕,g,1,https://dthumb-phinf.pstatic.net/?src=%22https%3A%2F%2Fdbscthumb-phinf.pstatic.net%2F2758_000_1%2F20131008180401879_UHINEF6ZK.jpg%2F419_i1.jpg%3Ftype%3Dw450_fst_n%22&twidth=226&theight=226&opts=10
18,소금,g,1,https://dthumb-phinf.pstatic.net/?src=%22https%3A%2F%2Fdbscthumb-phinf.pstatic.net%2F1767_000_1%2F20130118164216357_VTNMJLRYL.jpg%2Ffe49_27_i1.jpg%3Ftype%3Dw450_fst_n%22&twidth=226&theight=226&opts=10
19,애호박,개,0,https://dthumb-phinf.pstatic.net/?src=%22https%3A%2F%2Fdbscthumb-phinf.pstatic.net%2F0700_000_1%2F20110809154649648_GVV33NCNG.jpg%2F296_i1.jpg%3Ftype%3Dw450_fst_n%22&twidth=226&theight=226&opts=17
20,소면,인분,0,
21,대파,대,0,https://dthumb-phinf.pstatic.net/?src=%22https%3A%2F%2Fdbscthumb-phinf.pstatic.net%2F1005_000_1%2F20120321172340941_5KL1XXWSU.jpg%2Ffe25_0058_i1.jpg%3Ftype%3Dw450_fst_n%22&twidth=226&theight=226&opts=10
22,들기름,약간,1,https://dthumb-phinf.pstatic.net/?src=%22https%3A%2F%2Fdbscthumb-phinf.pstatic.net%2F2758_000_1%2F20131008181037886_E8E742LED.jpg%2F610_i1.jpg%3Ftype%3Dw450_fst_n%22&twidth=226&theight=226&opts=10
23,다진마늘,숟가락,0,
24,고춧가루,작은술,1,https://dthumb-phinf.pstatic.net/?src=%22https%3A%2F%2Fdbscthumb-phinf.pstatic.net%2F2758_000_1%2F20131008181726994_M2PUN8642.jpg%2F808_i1.jpg%3Ftype%3Dw450_fst_n%22&twidth=226&theight=226&opts=10
25,참기름,숟가락,1,https://dthumb-phinf.pstatic.net/?src=%22https%3A%2F%2Fdbscthumb-phinf.pstatic.net%2F2758_000_1%2F20131008181100215_ZXKTU92K1.jpg%2F621_i1.jpg%3Ftype%3Dw450_fst_n%22&twidth=226&theight=226&opts=10
26,통깨,숟가락,1,
27,두부,g,0,https://dthumb-phinf.pstatic.net/?src=%22https%3A%2F%2Fdbscthumb-phinf.pstatic.net%2F1767_000_1%2F20130118163917407_4G66X9NXG.jpg%2Ffe49_19_i1.jpg%3Ftype%3Dw450_fst_n%22&twidth=226&theight=226&opts=10
28,마늘,개,0,https://dthumb-phinf.pstatic.net/?src=%22https%3A%2F%2Fdbscthumb-phinf.pstatic.net%2F0700_000_1%2F20110809154629741_L96DCFU4W.jpg%2F132_i1.jpg%3Ftype%3Dw450_fst_n%22&twidth=226&theight=226&opts=10
29,깨소금,g,1,https://dthumb-phinf.pstatic.net/?src=%22https%3A%2F%2Fdbscthumb-phinf.pstatic.net%2F2758_000_1%2F20131008181837574_XIKOMUMNI.jpg%2F841_i1.jpg%3Ftype%3Dw450_fst_n%22&twidth=226&theight=226&opts=10
30,후추,g,1,https://dthumb-phinf.pstatic.net/?src=%22https%3A%2F%2Fdbscthumb-phinf.pstatic.net%2F2758_000_1%2F20131008180917225_CEPH3SVS2.jpg%2F572_i1.jpg%3Ftype%3Dw450_fst_n%22&twidth=226&theight=226&opts=10
31,잣,개,0,https://dthumb-phinf.pstatic.net/?src=%22https%3A%2F%2Fdbscthumb-phinf.pstatic.net%2F2543_000_1%2F20130718161046928_DFB6BO2IB.jpg%2F4813_1.jpg%3Ftype%3Dw450_fst_n%22&twidth=226&theight=226&opts=17
32,라면,개,0,https://dthumb-phinf.pstatic.net/?src=%22https%3A%2F%2Fdbscthumb-phinf.pstatic.net%2F1767_000_1%2F20130118163550109_ZK9AG302J.jpg%2Ffe49_16_i1.jpg%3Ftype%3Dw450_fst_n%22&twidth=226&theight=226&opts=10
33,라면스프,숟가락,0,
34,카레가루,개,0,https://dthumb-phinf.pstatic.net/?src=%22https%3A%2F%2Fdbscthumb-phinf.pstatic.net%2F2758_000_1%2F20131008180354938_9SN1KSGTJ.jpg%2F416_i1.jpg%3Ftype%3Dw450_fst_n%22&twidth=226&theight=226&opts=10
35,슬라이스치즈,장,0,
36,물,종이컵,1,
37,파슬리가루,약간,1,
38,밀가루,g,0,https://dthumb-phinf.pstatic.net/?src=%22https%3A%2F%2Fdbscthumb-phinf.pstatic.net%2F2758_000_1%2F20131008180101226_QIDK6BN0Y.jpg%2F327_i1.jpg%3Ftype%3Dw450_fst_n%22&twidth=226&theight=226&opts=10
39,홍합,g,0,https://dthumb-phinf.pstatic.net/?src=%22https%3A%2F%2Fdbscthumb-phinf.pstatic.net%2F2984_000_1%2F20140407160231227_NW3H3XH2M.jpg%2Fi-188_2-1.jpg%3Ftype%3Dw450_fst_n%22&twidth=226&theight=226&opts=17
40,검은후추,g,1,https://dthumb-phinf.pstatic.net/?src=%22https%3A%2F%2Fdbscthumb-phinf.pstatic.net%2F0700_000_1%2F20110809154627779_F00O8FVWA.jpg%2F113_i1.jpg%3Ftype%3Dw450_fst_n%22&twidth=226&theight=226&opts=10
41,진간장,ml,1,https://dthumb-phinf.pstatic.net/?src=%22https%3A%2F%2Fdbscthumb-phinf.pstatic.net%2F2758_000_1%2F20131008181848851_8YSWHWUOG.jpg%2F844_i1.jpg%3Ftype%3Dw450_fst_n%22&twidth=226&theight=226&opts=10
42,생강,g,0,https://dthumb-phinf.pstatic.net/?src=%22https%3A%2F%2Fdbscthumb-phinf.pstatic.net%2F2984_000_1%2F20140407155959600_Q7JDCYZUB.jpg%2Fi-148_3-1.jpg%3Ftype%3Dw450_fst_n%22&twidth=226&theight=226&opts=17
43,먹물스파게티,g,0,
44,오징어,마리,0,https://dthumb-phinf.pstatic.net/?src=%22https%3A%2F%2Fdbscthumb-phinf.pstatic.net%2F5741_000_1%2F20190319172636809_96KW0YLYS.jpg%2Ffe125_683_i1.jpg%3Ftype%3Dw450_fst_n%22&twidth=226&theight=226&opts=17
45,버터,숟가락,1,https://dthumb-phinf.pstatic.net/?src=%22https%3A%2F%2Fdbscthumb-phinf.pstatic.net%2F2758_000_1%2F20131008181916340_1X55C0QYQ.jpg%2F860_i1.jpg%3Ftype%3Dw450_fst_n%22&twidth=226&theight=226&opts=10
46,방울토마토,개,0,https://dthumb-phinf.pstatic.net/?src=%22https%3A%2F%2Fdbscthumb-phinf.pstatic.net%2F2758_000_1%2F20131008174832754_1VCDOXZOC.jpg%2F32_i1.jpg%3Ftype%3Dw450_fst_n%22&twidth=226&theight=226&opts=10
47,올리브유,약간,1,https://dthumb-phinf.pstatic.net/?src=%22https%3A%2F%2Fdbscthumb-phinf.pstatic.net%2F0700_000_1%2F20110809154656022_LHLPVVIN6.jpg%2F344_i1.jpg%3Ftype%3Dw450_fst_n%22&twidth=226&theight=226&opts=17
48,면수,종이컵,1,
49,그라노파다노치즈,약간,0,
50,청포묵,g,0,https://dthumb-phinf.pstatic.net/?src=%22https%3A%2F%2Fdbscthumb-phinf.pstatic.net%2F2758_000_1%2F20131008182017324_KPED3FIFK.jpg%2F1151_i1.jpg%3Ftype%3Dw450_fst_n%22&twidth=226&theight=226&opts=10
51,숙주,줌,0,
52,김,장,0,https://dthumb-phinf.pstatic.net/?src=%22https%3A%2F%2Fdbscthumb-phinf.pstatic.net%2F5741_000_1%2F20190802105235246_0O3YJU3I3.jpg%2Ffe125_2383_i1.jpg%3Ftype%3Dw450_fst_n%22&twidth=226&theight=226&opts=10
53,깐마늘,쪽,0,
54,간장,숟가락,1,https://dthumb-phinf.pstatic.net/?src=%22https%3A%2F%2Fdbscthumb-phinf.pstatic.net%2F2543_000_1%2F20130718155429078_UP9AR01FC.jpg%2F109_4.jpg%3Ftype%3Dw450_fst_n%22&twidth=226&theight=226&opts=17
55,사골라면,개,0,
56,돼지고기,g,0,https://dthumb-phinf.pstatic.net/?src=%22https%3A%2F%2Fdbscthumb-phinf.pstatic.net%2F2984_000_1%2F20140407160135438_MXUN9G1W1.jpg%2Fi-170_1-1.jpg%3Ftype%3Dw450_fst_n%22&twidth=226&theight=226&opts=17
57,새우,개,0,https://dthumb-phinf.pstatic.net/?src=%22https%3A%2F%2Fdbscthumb-phinf.pstatic.net%2F1741_000_1%2F20130108170056461_ETSQC3KBF.jpg%2Ffe42_31_i1.jpg%3Ftype%3Dw450_fst_n%22&twidth=226&theight=226&opts=17
58,해삼,g,0,https://dthumb-phinf.pstatic.net/?src=%22https%3A%2F%2Fdbscthumb-phinf.pstatic.net%2F2758_000_1%2F20131008180909241_LIHLFY3V6.jpg%2F566_i1.jpg%3Ftype%3Dw450_fst_n%22&twidth=226&theight=226&opts=10
59,죽순,g,0,https://dthumb-phinf.pstatic.net/?src=%22https%3A%2F%2Fdbscthumb-phinf.pstatic.net%2F2984_000_1%2F20140407160356539_CG8KROBGE.jpg%2Fi-208_2-1.jpg%3Ftype%3Dw450_fst_n%22&twidth=226&theight=226&opts=17
60,팽이버섯,봉,0,https://dthumb-phinf.pstatic.net/?src=%22https%3A%2F%2Fdbscthumb-phinf.pstatic.net%2F2758_000_1%2F20131008175207118_36WYGN3BA.jpg%2F67_i1.jpg%3Ftype%3Dw450_fst_n%22&twidth=226&theight=226&opts=10
61,부추,g,0,https://dthumb-phinf.pstatic.net/?src=%22https%3A%2F%2Fdbscthumb-phinf.pstatic.net%2F1290_000_1%2F20120706185206682_ITZY693UM.jpg%2Fff2_35_i1.jpg%3Ftype%3Dw450_fst_n%22&twidth=226&theight=226&opts=10
62,굴소스,숟가락,1,https://dthumb-phinf.pstatic.net/?src=%22https%3A%2F%2Fdbscthumb-phinf.pstatic.net%2F1005_000_1%2F20120614170126291_4H6BY9116.jpg%2Ffe30_0064_i1.jpg%3Ftype%3Dw450_fst_n%22&twidth=226&theight=226&opts=10
63,사골스프,숟가락,0,
64,전분,숟가락,1,
65,닭가슴살,개,0,https://dthumb-phinf.pstatic.net/?src=%22https%3A%2F%2Fdbscthumb-phinf.pstatic.net%2F1729_000_1%2F20121218173557669_OJFBKQ5LI.jpg%2Ffe43_84_i1.jpg%3Ftype%3Dw450_fst_n%22&twidth=226&theight=226&opts=10
66,한방음료,캔,0,
67,표고버섯,개,0,https://dthumb-phinf.pstatic.net/?src=%22https%3A%2F%2Fdbscthumb-phinf.pstatic.net%2F5741_000_1%2F20191121123702697_1XA9CBNPO.png%2Ffe125_3666_i1.png%3Ftype%3Dw450_fst_n%22&twidth=226&theight=226&opts=10
68,알리오올리오스파게티소스,g,0,
69,오뚜기밥,개,0,
70,고사리,g,0,https://dthumb-phinf.pstatic.net/?src=%22https%3A%2F%2Fdbscthumb-phinf.pstatic.net%2F2758_000_1%2F20131008180445977_7546V8M7X.jpg%2F441_i1.jpg%3Ftype%3Dw450_fst_n%22&twidth=226&theight=226&opts=10
71,베이컨,g,0,https://dthumb-phinf.pstatic.net/?src=%22https%3A%2F%2Fdbscthumb-phinf.pstatic.net%2F2758_000_1%2F20131008180504536_2ZQSFK5BG.jpg%2F449_i1.jpg%3Ftype%3Dw450_fst_n%22&twidth=226&theight=226&opts=10
72,양송이버섯,g,0,https://dthumb-phinf.pstatic.net/?src=%22https%3A%2F%2Fdbscthumb-phinf.pstatic.net%2F2758_000_1%2F20131008175208214_P9LQ01VPZ.jpg%2F68_i1.jpg%3Ftype%3Dw450_fst_n%22&twidth=226&theight=226&opts=10
73,당근,g,0,https://dthumb-phinf.pstatic.net/?src=%22https%3A%2F%2Fdbscthumb-phinf.pstatic.net%2F0700_000_1%2F20110809154648636_4RR8KHZGQ.jpg%2F288_i1.jpg%3Ftype%3Dw450_fst_n%22&twidth=226&theight=226&opts=10
74,생크림,종이컵,1,
75,우유,종이컵,1,
76,편마늘,숟가락,0,
77,스파게티면,인분,0,https://dthumb-phinf.pstatic.net/?src=%22https%3A%2F%2Fdbscthumb-phinf.pstatic.net%2F2758_000_1%2F20131008175707537_6UH2WX1HN.jpg%2F210_i1.jpg%3Ftype%3Dw450_fst_n%22&twidth=226&theight=226&opts=10
78,브로콜리,종이컵,0,https://dthumb-phinf.pstatic.net/?src=%22https%3A%2F%2Fdbscthumb-phinf.pstatic.net%2F2506_000_1%2F20140227160924143_ICE5OK7G6.jpg%2Fi-b344-1.jpg%3Ftype%3Dw450_fst_n%22&twidth=226&theight=226&opts=10
79,노추,숟가락,1,
80,핫도그빵,개,0,
81,스위트랠리쉬,숟가락,1,
82,할라피뇨,개,0,
83,실파,줄기,0,https://dthumb-phinf.pstatic.net/?src=%22https%3A%2F%2Fdbscthumb-phinf.pstatic.net%2F2758_000_1%2F20131008180109520_FLRSRUHVJ.jpg%2F332_i1.jpg%3Ftype%3Dw450_fst_n%22&twidth=226&theight=226&opts=10
84,연두,숟가락,1,
85,연두청양초,숟가락,1,
86,살치살,g,0,https://dthumb-phinf.pstatic.net/?src=%22https%3A%2F%2Fdbscthumb-phinf.pstatic.net%2F1729_000_1%2F20121218170530086_OCMD1BH1R.jpg%2Ffe43_9_i1.jpg%3Ftype%3Dw450_fst_n%22&twidth=226&theight=226&opts=10
87,로즈마리,줄,0,https://dthumb-phinf.pstatic.net/?src=%22https%3A%2F%2Fdbscthumb-phinf.pstatic.net%2F5741_000_1%2F20191119190044389_QRRFM9WLI.jpg%2Ffe125_3410_i1.jpg%3Ftype%3Dw450_fst_n%22&twidth=226&theight=226&opts=17
88,레몬,개,0,https://dthumb-phinf.pstatic.net/?src=%22https%3A%2F%2Fdbscthumb-phinf.pstatic.net%2F2506_000_1%2F20140227161327290_Z2R8D4YVM.jpg%2Fi-l47-1.jpg%3Ftype%3Dw450_fst_n%22&twidth=226&theight=226&opts=17
89,타임,줄,0,https://dthumb-phinf.pstatic.net/?src=%22https%3A%2F%2Fdbscthumb-phinf.pstatic.net%2F2984_000_1%2F20140407155856687_6OGB5LUEW.jpg%2Fi-137_2-1.jpg%3Ftype%3Dw450_fst_n%22&twidth=226&theight=226&opts=10
90,송어,g,0,https://dthumb-phinf.pstatic.net/?src=%22https%3A%2F%2Fdbscthumb-phinf.pstatic.net%2F0700_000_1%2F20110809154651395_FE67GO64X.jpg%2F307_i1.jpg%3Ftype%3Dw450_fst_n%22&twidth=226&theight=226&opts=17
91,어린무,개,0,
92,아스파라거스,개,0,https://dthumb-phinf.pstatic.net/?src=%22https%3A%2F%2Fdbscthumb-phinf.pstatic.net%2F2984_000_1%2F20140407160345567_RREWYOXAS.jpg%2Fi-206_2-1.jpg%3Ftype%3Dw450_fst_n%22&twidth=226&theight=226&opts=17
93,삶은달걀,개,0,
94,파프리카,개,0,https://dthumb-phinf.pstatic.net/?src=%22https%3A%2F%2Fdbscthumb-phinf.pstatic.net%2F0700_000_1%2F20110809154627811_VLHM1K2K9.jpg%2F114_i1.jpg%3Ftype%3Dw450_fst_n%22&twidth=226&theight=226&opts=10
95,머스타드소스,숟가락,1,
96,허니머스터드,숟가락,1,
97,레몬즙,숟가락,1,
98,유자청,숟가락,0,
99,김밥김,장,0,
100,핫케이크가루,숟가락,0,
101,볶은콩가루,숟가락,0,
102,견과류분태,숟가락,1,
103,캡사이신가루,숟가락,1,
104,꿀,숟가락,1,https://dthumb-phinf.pstatic.net/?src=%22https%3A%2F%2Fdbscthumb-phinf.pstatic.net%2F2644_000_1%2F20161004212422429_861O58HBI.jpg%2F0ccf4265-63d7-41.jpg%3Ftype%3Dw450_fst_nce%22&twidth=226&theight=226&opts=17
105,시금치,줌,0,https://dthumb-phinf.pstatic.net/?src=%22https%3A%2F%2Fdbscthumb-phinf.pstatic.net%2F2543_000_1%2F20130718160430680_1CGOKGKYJ.jpg%2F3208_1.jpg%3Ftype%3Dw450_fst_n%22&twidth=226&theight=226&opts=17
106,굴,개,0,https://dthumb-phinf.pstatic.net/?src=%22https%3A%2F%2Fdbscthumb-phinf.pstatic.net%2F0700_000_1%2F20110809154652560_DQA9NXB5P.jpg%2F315_i1.jpg%3Ftype%3Dw450_fst_n%22&twidth=226&theight=226&opts=17
107,통마늘,개,0,
108,롤케이크,개,0,
109,누텔라,적당량,0,
110,초콜릿,적당량,0,
111,초코송이,적당량,0,
112,북어포,마리,0,https://dthumb-phinf.pstatic.net/?src=%22https%3A%2F%2Fdbscthumb-phinf.pstatic.net%2F2758_000_1%2F20131008181210745_MWDR19S1C.jpg%2F653_i1.jpg%3Ftype%3Dw450_fst_n%22&twidth=226&theight=226&opts=10
113,쪽파,줄기,0,https://dthumb-phinf.pstatic.net/?src=%22https%3A%2F%2Fdbscthumb-phinf.pstatic.net%2F2758_000_1%2F20131008180110131_A1866UYSH.jpg%2F333_i1.jpg%3Ftype%3Dw450_fst_n%22&twidth=226&theight=226&opts=10
114,새우젓,g,0,
115,맛살,g,0,
116,체다치즈,장,0,
117,스파게티,인분,0,https://dthumb-phinf.pstatic.net/?src=%22https%3A%2F%2Fdbscthumb-phinf.pstatic.net%2F0700_000_1%2F20110809154640730_XPOP7QTBQ.jpg%2F223_i1.jpg%3Ftype%3Dw450_fst_n%22&twidth=226&theight=226&opts=17
118,올리브오일,약간,1,
119,토마토소스,종이컵,0,
120,다진돼지고기,종이컵,0,
121,고추,개,0,https://dthumb-phinf.pstatic.net/?src=%22https%3A%2F%2Fdbscthumb-phinf.pstatic.net%2F5741_000_1%2F20191122140603877_12HDB1IUZ.jpg%2Ffe125_3041_i1.jpg%3Ftype%3Dw450_fst%22&twidth=226&theight=226&opts=10
122,마른북어포,마리,0,
123,실고추,줄기,0,
124,간장마요면,개,0,
125,간장닭강정,개,0,
126,모짜렐라치즈,종이컵,0,
127,김가루,숟가락,0,
128,옥수수콘,숟가락,0,
129,피자치즈,종이컵,0,
130,떡,g,0,
131,사각어묵,장,0,
132,소세지,개,0,
133,콩나물,줌,0,https://dthumb-phinf.pstatic.net/?src=%22https%3A%2F%2Fdbscthumb-phinf.pstatic.net%2F2644_000_2%2F20190719092436755_SIUFFG4JA.jpg%2Ff0db360c-8c11-47.jpg%3Ftype%3Dw450_fst_nce%22&twidth=226&theight=226&opts=10
134,우동,개,0,
135,크래커,개,0,
136,말랑카우,개,0,
137,초코다이제,개,0,
138,마시멜로우,개,0,
139,식빵,장,0,
140,스팸,캔,0,
141,딸기잼,적당량,0,
142,빵가루,종이컵,0,https://dthumb-phinf.pstatic.net/?src=%22https%3A%2F%2Fdbscthumb-phinf.pstatic.net%2F2758_000_1%2F20131008181941959_DBTLGCXRH.jpg%2F873_i1.jpg%3Ftype%3Dw450_fst_n%22&twidth=226&theight=226&opts=10
143,오이,개,0,https://dthumb-phinf.pstatic.net/?src=%22https%3A%2F%2Fdbscthumb-phinf.pstatic.net%2F0700_000_1%2F20110809154648999_R9SHJYTXO.jpg%2F293_i1.jpg%3Ftype%3Dw450_fst_n%22&twidth=226&theight=226&opts=10
144,링귀니면,g,0,
145,모시조개,g,0,
146,화이트와인,숟가락,1,
147,무,g,0,https://dthumb-phinf.pstatic.net/?src=%22https%3A%2F%2Fdbscthumb-phinf.pstatic.net%2F1290_000_1%2F20120706185013538_YIGWK1IHZ.jpg%2Fff2_21_i1.jpg%3Ftype%3Dw450_fst_n%22&twidth=226&theight=226&opts=10
148,뽕잎크림스프레드,숟가락,1,
149,곱창,종이컵,0,
150,참치,캔,0,https://dthumb-phinf.pstatic.net/?src=%22https%3A%2F%2Fdbscthumb-phinf.pstatic.net%2F2984_000_1%2F20140407160201876_SZOEESC3W.jpg%2Fi-182_2-1.jpg%3Ftype%3Dw450_fst_n%22&twidth=226&theight=226&opts=17
151,묵은지,줄,0,
152,우엉,줄,0,https://dthumb-phinf.pstatic.net/?src=%22https%3A%2F%2Fdbscthumb-phinf.pstatic.net%2F1262_000_1%2F20120702144128360_7H6GU5GNZ.jpg%2Fib6_37_i1.jpg%3Ftype%3Dw450_fst_n%22&twidth=226&theight=226&opts=10
153,단무지,줄,0,
154,마요네즈,숟가락,1,https://dthumb-phinf.pstatic.net/?src=%22https%3A%2F%2Fdbscthumb-phinf.pstatic.net%2F2177_000_1%2F20160621161050498_DRQY3A9XG.jpg%2Faa8_21_i1.jpg%3Ftype%3Dw450_fst%22&twidth=226&theight=226&opts=17
155,어묵탕,개,0,
156,김치,봉,0,
157,조미김가루,약간,1,
158,쌀,g,0,https://dthumb-phinf.pstatic.net/?src=%22https%3A%2F%2Fdbscthumb-phinf.pstatic.net%2F1290_000_1%2F20120706184843144_3DIC2UJMY.jpg%2Fff2_13_i1.jpg%3Ftype%3Dw450_fst_n%22&twidth=226&theight=226&opts=10
159,부침가루,종이컵,0,https://dthumb-phinf.pstatic.net/?src=%22https%3A%2F%2Fdbscthumb-phinf.pstatic.net%2F2758_000_1%2F20131008181433741_LPXZEX7LV.jpg%2F720_i1.jpg%3Ftype%3Dw450_fst_n%22&twidth=226&theight=226&opts=10
160,초고추장,적당량,1,https://dthumb-phinf.pstatic.net/?src=%22https%3A%2F%2Fdbscthumb-phinf.pstatic.net%2F2758_000_1%2F20131008181831778_D85ROJE6S.jpg%2F838_i1.jpg%3Ftype%3Dw450_fst_n%22&twidth=226&theight=226&opts=10
161,칼국수면,인분,0,
162,바지락,종이컵,,https://dthumb-phinf.pstatic.net/?src=%22https%3A%2F%2Fdbscthumb-phinf.pstatic.net%2F2758_000_1%2F20131008175544847_HFX9HHGW5.jpg%2F165_i1.jpg%3Ftype%3Dw450_fst_n%22&twidth=226&theight=226&opts=10
163,청양고추,개,0,https://dthumb-phinf.pstatic.net/?src=%22https%3A%2F%2Fdbscthumb-phinf.pstatic.net%2F2758_000_1%2F20131008175424929_UFVKCT8IE.jpg%2F121_i1.jpg%3Ftype%3Dw450_fst_n%22&twidth=226&theight=226&opts=10
164,멸치다시마육수,종이컵,1,
165,국간장,숟가락,1,
166,반반한라면,봉,0,
167,불닭볶음밥,개,0,
168,콘샐러드,개,0,
169,무염버터,숟가락,1,
170,게살,개,0,
171,포도씨유,숟가락,1,https://dthumb-phinf.pstatic.net/?src=%22https%3A%2F%2Fdbscthumb-phinf.pstatic.net%2F2758_000_1%2F20131008180434421_M2QUJ1IQ4.jpg%2F435_i1.jpg%3Ftype%3Dw450_fst_n%22&twidth=226&theight=226&opts=10
172,달걀간장,숟가락,1,
173,삼치,마리,0,https://dthumb-phinf.pstatic.net/?src=%22https%3A%2F%2Fdbscthumb-phinf.pstatic.net%2F2758_000_1%2F20131008181103499_IRY16UJPT.jpg%2F623_i1.jpg%3Ftype%3Dw450_fst_n%22&twidth=226&theight=226&opts=10
174,머스터드소스,숟가락,1,
175,간장게장,개,0,
176,라면사리,개,0,
177,샐러드,팩,0,
178,포도,적당량,0,https://dthumb-phinf.pstatic.net/?src=%22https%3A%2F%2Fdbscthumb-phinf.pstatic.net%2F2543_000_1%2F20130718161536566_CYTNAZLBT.jpg%2F6369_1.jpg%3Ftype%3Dw450_fst_n%22&twidth=226&theight=226&opts=17
179,귤,개,0,https://dthumb-phinf.pstatic.net/?src=%22https%3A%2F%2Fdbscthumb-phinf.pstatic.net%2F2758_000_1%2F20131008175727669_LBXPPEQKR.jpg%2F221_i1.jpg%3Ftype%3Dw450_fst_n%22&twidth=226&theight=226&opts=10
180,요거트,개,0,
181,제육볶음,캔,0,
182,조미김,개,0,
183,전어,마리,0,https://dthumb-phinf.pstatic.net/?src=%22https%3A%2F%2Fdbscthumb-phinf.pstatic.net%2F2758_000_1%2F20131008180723010_RQY1LLLDM.jpg%2F516_i1.jpg%3Ftype%3Dw450_fst_n%22&twidth=226&theight=226&opts=10
184,케이퍼,숟가락,1,https://dthumb-phinf.pstatic.net/?src=%22https%3A%2F%2Fdbscthumb-phinf.pstatic.net%2F2506_000_1%2F20140227161119148_G6S57UEP8.jpg%2Fi-c73-1.jpg%3Ftype%3Dw450_fst_n%22&twidth=226&theight=226&opts=17
185,그린올리브,개,1,
186,토마토,개,0,https://dthumb-phinf.pstatic.net/?src=%22https%3A%2F%2Fdbscthumb-phinf.pstatic.net%2F2506_000_1%2F20140227161939936_26Y3OK2U9.jpg%2Fi-t58-1.jpg%3Ftype%3Dw450_fst_n%22&twidth=226&theight=226&opts=17
187,호두,g,0,https://dthumb-phinf.pstatic.net/?src=%22https%3A%2F%2Fdbscthumb-phinf.pstatic.net%2F2506_000_1%2F20140227161612877_FPJMTCOOG.jpg%2Fi-p58-1.jpg%3Ftype%3Dw450_fst_n%22&twidth=226&theight=226&opts=17
188,바질,장,0,https://dthumb-phinf.pstatic.net/?src=%22https%3A%2F%2Fdbscthumb-phinf.pstatic.net%2F5741_000_1%2F20190319171820397_2LLNFQYZD.jpg%2Ffe125_312_i1.jpg%3Ftype%3Dw450_fst_n%22&twidth=226&theight=226&opts=17
189,발사믹크림,약간,1,
190,바질페스토,숟가락,0,
191,발사믹식초,숟가락,1,https://dthumb-phinf.pstatic.net/?src=%22https%3A%2F%2Fdbscthumb-phinf.pstatic.net%2F2758_000_1%2F20131008180353775_O5BM25ZIQ.jpg%2F413_i1.jpg%3Ftype%3Dw450_fst_n%22&twidth=226&theight=226&opts=10
192,쫄면,g,0,https://dthumb-phinf.pstatic.net/?src=%22https%3A%2F%2Fdbscthumb-phinf.pstatic.net%2F2758_000_1%2F20131008180317253_2CV068LBE.jpg%2F396_i1.jpg%3Ftype%3Dw450_fst_n%22&twidth=226&theight=226&opts=10
193,대패삼겹살,g,0,
194,청주,숟가락,1,
195,돈까스,장,0,
196,경양식돈까스소스,종이컵,1,
197,비빔면,봉,0,
198,파마산치즈,숟가락,0,
199,연두부,개,0,https://dthumb-phinf.pstatic.net/?src=%22https%3A%2F%2Fdbscthumb-phinf.pstatic.net%2F2758_000_1%2F20131008180048816_CIZQCRUO5.jpg%2F322_i1.jpg%3Ftype%3Dw450_fst_n%22&twidth=226&theight=226&opts=10
200,다시마육수,종이컵,1,
201,아보카도,개,0,https://dthumb-phinf.pstatic.net/?src=%22https%3A%2F%2Fdbscthumb-phinf.pstatic.net%2F2506_000_1%2F20140227160803585_XUCZX9YG9.jpg%2Fi-a269-1.jpg%3Ftype%3Dw450_fst_n%22&twidth=226&theight=226&opts=17
202,참치캔,캔,0,
203,깻잎,장,0,https://dthumb-phinf.pstatic.net/?src=%22https%3A%2F%2Fdbscthumb-phinf.pstatic.net%2F2758_000_1%2F20131008180706949_LWP5D9H5V.jpg%2F508_i1.jpg%3Ftype%3Dw450_fst_n%22&twidth=226&theight=226&opts=10
204,당면,줌,0,https://dthumb-phinf.pstatic.net/?src=%22https%3A%2F%2Fdbscthumb-phinf.pstatic.net%2F2543_000_1%2F20130718155847936_G8Q1CRNUT.jpg%2F1264_1.jpg%3Ftype%3Dw450_fst_n%22&twidth=226&theight=226&opts=17
205,올리고당,숟가락,1,https://dthumb-phinf.pstatic.net/?src=%22https%3A%2F%2Fdbscthumb-phinf.pstatic.net%2F2758_000_1%2F20131008180954961_DY2VKYNVQ.jpg%2F590_i1.jpg%3Ftype%3Dw450_fst_n%22&twidth=226&theight=226&opts=10
206,짜장가루,숟가락,0,
207,케찹,숟가락,1,
208,칠리소스,숟가락,0,
209,사천고추,개,0,
210,마라소스,숟가락,0,
211,납작당면,약간,0,
212,고추참치,캔,0,
213,콩물,ml,0,
214,완두콩,숟가락,0,https://dthumb-phinf.pstatic.net/?src=%22https%3A%2F%2Fdbscthumb-phinf.pstatic.net%2F5741_000_1%2F20190814181403900_J8FD9C14A.jpg%2Ffe125_2631_i1.jpg%3Ftype%3Dw450_fst_n%22&twidth=226&theight=226&opts=17
215,젤라틴,숟가락,0,https://dthumb-phinf.pstatic.net/?src=%22https%3A%2F%2Fdbscthumb-phinf.pstatic.net%2F2758_000_1%2F20131008180253919_HO07CL3N4.jpg%2F385_i1.jpg%3Ftype%3Dw450_fst_n%22&twidth=226&theight=226&opts=10
216,생와사비,작은숟가락,1,
217,막걸리,ml,0,
218,애플민트,g,0,https://dthumb-phinf.pstatic.net/?src=%22https%3A%2F%2Fdbscthumb-phinf.pstatic.net%2F2506_000_1%2F20140227160717862_GMLEXWZT3.jpg%2Fi-a189-1.jpg%3Ftype%3Dw450_fst_n%22&twidth=226&theight=226&opts=17
219,참깨,약간,1,https://dthumb-phinf.pstatic.net/?src=%22https%3A%2F%2Fdbscthumb-phinf.pstatic.net%2F1290_000_1%2F20120706185209919_7VYVLQIP1.jpg%2Fff2_36_i1.jpg%3Ftype%3Dw450_fst_n%22&twidth=226&theight=226&opts=10
220,아이스고구마,개,0,
221,크림스프가루,봉지,0,
222,뜨거운물,ml,1,
223,불닭볶음면,개,0,
224,불닭발,개,0,
225,닭강정,개,0,
226,명란젓,개,0,
227,달걀장,개,0,
228,막창,개,0,
229,떡볶이,개,0,
230,스트링치즈,개,0,
231,견과류,숟가락,0,https://dthumb-phinf.pstatic.net/?src=%22https%3A%2F%2Fdbscthumb-phinf.pstatic.net%2F0753_000_1%2F20111024141038744_W1PLJM0JP.jpg%2Ffe9_9_i1.jpg%3Ftype%3Dw450_fst_n%22&twidth=226&theight=226&opts=10
232,메밀소바,g,0,
233,중면,개,0,
234,고추기름,숟가락,1,https://dthumb-phinf.pstatic.net/?src=%22https%3A%2F%2Fdbscthumb-phinf.pstatic.net%2F2758_000_1%2F20131008181728322_OWSI3HPW2.jpg%2F809_i1.jpg%3Ftype%3Dw450_fst_n%22&twidth=226&theight=226&opts=10
235,페페론치노,개,0,
236,핫바,개,0,
237,갓김치,대,0,
238,사이다,숟가락,0,
239,리코타치즈,통,0,
240,상추,장,0,https://dthumb-phinf.pstatic.net/?src=%22https%3A%2F%2Fdbscthumb-phinf.pstatic.net%2F1290_000_1%2F20120706185106481_OGM2QCBLY.jpg%2Fff2_27_i1.jpg%3Ftype%3Dw450_fst_n%22&twidth=226&theight=226&opts=10
241,현미밥,공기,0,
242,된장,숟가락,1,https://dthumb-phinf.pstatic.net/?src=%22https%3A%2F%2Fdbscthumb-phinf.pstatic.net%2F1767_000_1%2F20130118164240372_9KITXF5PW.jpg%2Ffe49_29_i1.jpg%3Ftype%3Dw450_fst_n%22&twidth=226&theight=226&opts=10
243,매실액,숟가락,1,
244,파스타라면,개,0,
245,치킨,조각,0,
246,떡볶이소스,숟가락,0,
247,그라나파다노치즈,약간,0,
248,스팸버거번,개,0,
249,소불고기,g,0,
250,파마산치즈가루,약간,0,
251,순살갈치,g,0,
252,문어,g,0,https://dthumb-phinf.pstatic.net/?src=%22https%3A%2F%2Fdbscthumb-phinf.pstatic.net%2F5741_000_1%2F20191122140950293_ZNCUUDRPV.jpg%2Ffe125_3191_i1.jpg%3Ftype%3Dw450_fst%22&twidth=226&theight=226&opts=17
253,청경채,개,0,https://dthumb-phinf.pstatic.net/?src=%22https%3A%2F%2Fdbscthumb-phinf.pstatic.net%2F2758_000_1%2F20131008181059570_LOXHPM9IB.jpg%2F620_i1.jpg%3Ftype%3Dw450_fst_n%22&twidth=226&theight=226&opts=10
254,전분물,숟가락,0,
255,골뱅이,캔,0,https://dthumb-phinf.pstatic.net/?src=%22https%3A%2F%2Fdbscthumb-phinf.pstatic.net%2F2758_000_1%2F20181203180206514_116PLDSAM.jpg%2F357_i1.jpg%3Ftype%3Dw450_fst_n%22&twidth=226&theight=226&opts=10
256,골뱅이육수,숟가락,1,
257,미트볼,개,0,
258,만두,개,0,
259,샐러드채소,줌,0,
260,볶은김치,숟가락,0,
261,두유,종이컵,0,
262,곤약면,g,0,
263,주꾸미,g,0,https://dthumb-phinf.pstatic.net/?src=%22https%3A%2F%2Fdbscthumb-phinf.pstatic.net%2F2758_000_1%2F20131008180251055_QQQ6T4NJO.jpg%2F381_i1.jpg%3Ftype%3Dw450_fst_n%22&twidth=226&theight=226&opts=10
264,사과,개,0,https://dthumb-phinf.pstatic.net/?src=%22https%3A%2F%2Fdbscthumb-phinf.pstatic.net%2F2543_000_1%2F20130718160211025_HEHX497SB.jpg%2F2519_1.jpg%3Ftype%3Dw450_fst_n%22&twidth=226&theight=226&opts=17
265,얼음,컵,1,https://dthumb-phinf.pstatic.net/?src=%22https%3A%2F%2Fdbscthumb-phinf.pstatic.net%2F2644_000_5%2F20190907024023461_C1YF2345P.jpg%2F1fcfb227-e314-4c.jpg%3Ftype%3Dw450_fst_nce%22&twidth=226&theight=226&opts=17
266,사과즙,봉,0,
267,아귀순살,g,0,
268,튀김가루,g,0,https://dthumb-phinf.pstatic.net/?src=%22https%3A%2F%2Fdbscthumb-phinf.pstatic.net%2F2758_000_1%2F20131008181505046_USIKNPHKB.jpg%2F737_i1.jpg%3Ftype%3Dw450_fst_n%22&twidth=226&theight=226&opts=10
269,감자전분,g,0,https://dthumb-phinf.pstatic.net/?src=%22https%3A%2F%2Fdbscthumb-phinf.pstatic.net%2F2758_000_1%2F20131008181903429_2MUV0OSF0.jpg%2F853_i1.jpg%3Ftype%3Dw450_fst_n%22&twidth=226&theight=226&opts=10
270,풋고추,g,0,https://dthumb-phinf.pstatic.net/?src=%22https%3A%2F%2Fdbscthumb-phinf.pstatic.net%2F2758_000_1%2F20131008175427074_1SA6CCV43.jpg%2F123_i1.jpg%3Ftype%3Dw450_fst_n%22&twidth=226&theight=226&opts=10
271,찬물,g,1,
272,물엿,g,1,https://dthumb-phinf.pstatic.net/?src=%22https%3A%2F%2Fdbscthumb-phinf.pstatic.net%2F2758_000_1%2F20131008181955003_I9Y27LG5S.jpg%2F876_i1.jpg%3Ftype%3Dw450_fst_n%22&twidth=226&theight=226&opts=10
273,칠리시즈닝,g,0,
274,파채,g,0,
275,가자미,마리,0,https://dthumb-phinf.pstatic.net/?src=%22https%3A%2F%2Fdbscthumb-phinf.pstatic.net%2F2758_000_1%2F20131008181057943_JFSSGHSY2.jpg%2F618_i1.jpg%3Ftype%3Dw450_fst_n%22&twidth=226&theight=226&opts=10
276,빨강파프리카,개,0,
277,노랑파프리카,개,0,
278,새싹,g,0,
279,황태,g,0,https://dthumb-phinf.pstatic.net/?src=%22https%3A%2F%2Fdbscthumb-phinf.pstatic.net%2F2758_000_1%2F20131008180919623_JJ6CLV2SW.jpg%2F573_i1.jpg%3Ftype%3Dw450_fst_n%22&twidth=226&theight=226&opts=10
280,보리새우,g,0,https://dthumb-phinf.pstatic.net/?src=%22https%3A%2F%2Fdbscthumb-phinf.pstatic.net%2F2758_000_1%2F20131008175713460_EKHS2ACRQ.jpg%2F214_i1.jpg%3Ftype%3Dw450_fst_n%22&twidth=226&theight=226&opts=10
281,마늘쫑,g,0,
282,가쓰오부시,g,0,https://dthumb-phinf.pstatic.net/?src=%22https%3A%2F%2Fdbscthumb-phinf.pstatic.net%2F2758_000_1%2F20131008181115862_LP5ZEWBX1.jpg%2F625_i1.jpg%3Ftype%3Dw450_fst_n%22&twidth=226&theight=226&opts=10
283,다시마,g,0,https://dthumb-phinf.pstatic.net/?src=%22https%3A%2F%2Fdbscthumb-phinf.pstatic.net%2F2758_000_1%2F20131008180055718_APKRPHCNO.jpg%2F325_i1.jpg%3Ftype%3Dw450_fst_n%22&twidth=226&theight=226&opts=10
284,인절미떡,조각,0,
285,아몬드슬라이스,약간,0,
286,볶음콩가루,약간,0,
287,김치국물,숟가락,1,
288,무말랭이,g,0,https://dthumb-phinf.pstatic.net/?src=%22https%3A%2F%2Fdbscthumb-phinf.pstatic.net%2F2758_000_1%2F20131008175815273_BRF7VHVF7.jpg%2F247_i1.jpg%3Ftype%3Dw450_fst_n%22&twidth=226&theight=226&opts=10
289,느타리버섯,g,0,https://dthumb-phinf.pstatic.net/?src=%22https%3A%2F%2Fdbscthumb-phinf.pstatic.net%2F2758_000_1%2F20131008175137004_J8W298CF5.jpg%2F64_i1.jpg%3Ftype%3Dw450_fst_n%22&twidth=226&theight=226&opts=10
290,연근,g,0,https://dthumb-phinf.pstatic.net/?src=%22https%3A%2F%2Fdbscthumb-phinf.pstatic.net%2F2984_000_1%2F20140407160419179_60N3VSMU1.jpg%2Fi-213_3-1.jpg%3Ftype%3Dw450_fst_n%22&twidth=226&theight=226&opts=17
291,양상추,g,0,https://dthumb-phinf.pstatic.net/?src=%22https%3A%2F%2Fdbscthumb-phinf.pstatic.net%2F2984_000_1%2F20140407160324383_MR071O3E5.jpg%2Fi-202_2-1.jpg%3Ftype%3Dw450_fst_n%22&twidth=226&theight=226&opts=17
292,아몬드,g,0,https://dthumb-phinf.pstatic.net/?src=%22https%3A%2F%2Fdbscthumb-phinf.pstatic.net%2F2506_000_1%2F20140227160701839_U5PX4WEYF.jpg%2Fi-a114-1.jpg%3Ftype%3Dw450_fst_n%22&twidth=226&theight=226&opts=17
293,건고추,개,0,https://dthumb-phinf.pstatic.net/?src=%22https%3A%2F%2Fdbscthumb-phinf.pstatic.net%2F2758_000_1%2F20131008175428542_A9JUWO91O.jpg%2F124_i1.jpg%3Ftype%3Dw450_fst_n%22&twidth=226&theight=226&opts=10
294,화자오,숟가락,0,
295,마자오,숟가락,0,
296,팔각,개,0,https://dthumb-phinf.pstatic.net/?src=%22https%3A%2F%2Fdbscthumb-phinf.pstatic.net%2F1005_000_1%2F20120321172359748_44IZZXX1V.jpg%2Ffe25_0068_i1.jpg%3Ftype%3Dw450_fst_n%22&twidth=226&theight=226&opts=10
297,고수,숟가락,0,https://dthumb-phinf.pstatic.net/?src=%22https%3A%2F%2Fdbscthumb-phinf.pstatic.net%2F1005_000_1%2F20120321172357575_3C98WSGR6.jpg%2Ffe25_0067_i1.jpg%3Ftype%3Dw450_fst_n%22&twidth=226&theight=226&opts=10
298,건새우,개,0,
299,건멸치,개,0,
300,장어,마리,0,https://dthumb-phinf.pstatic.net/?src=%22https%3A%2F%2Fdbscthumb-phinf.pstatic.net%2F2758_000_1%2F20131008175734466_WKV0F3K80.jpg%2F225_i1.jpg%3Ftype%3Dw450_fst_n%22&twidth=226&theight=226&opts=10
301,들깨가루,스푼,1,
302,마라다시팩,개,0,
303,중화짜장,봉,0,
304,디포리멸치,팩,0,
305,통후추,약간,1,
306,무순,약간,0,https://dthumb-phinf.pstatic.net/?src=%22https%3A%2F%2Fdbscthumb-phinf.pstatic.net%2F2758_000_1%2F20131008175803827_6HCRRRT2F.jpg%2F242_i1.jpg%3Ftype%3Dw450_fst_n%22&twidth=226&theight=226&opts=10
307,칼국수,인분,0,
308,유부,장,0,https://dthumb-phinf.pstatic.net/?src=%22https%3A%2F%2Fdbscthumb-phinf.pstatic.net%2F2758_000_1%2F20131008181222342_0A5QP5BIX.jpg%2F656_i1.jpg%3Ftype%3Dw450_fst_n%22&twidth=226&theight=226&opts=10
309,쑥갓,줌,0,https://dthumb-phinf.pstatic.net/?src=%22https%3A%2F%2Fdbscthumb-phinf.pstatic.net%2F2644_000_1%2F20190604044648644_1H9LS3K32.jpg%2Fc7147e77-4b37-4c.jpg%3Ftype%3Dw450_fst_nce%22&twidth=226&theight=226&opts=17
310,익은배추김치,종이컵,0,
311,두반장,숟가락,0,
312,크래미,개,0,
313,메론시럽,컵,0,
314,탄산수,컵,0,
315,바닐라아이스크림,스쿱,0,
316,통조림체리,개,0,
317,연어,g,0,https://dthumb-phinf.pstatic.net/?src=%22https%3A%2F%2Fdbscthumb-phinf.pstatic.net%2F0700_000_1%2F20110809154651176_PE6QMUFMW.jpg%2F305_i1.jpg%3Ftype%3Dw450_fst_n%22&twidth=226&theight=226&opts=17
318,카레,g,0,https://dthumb-phinf.pstatic.net/?src=%22https%3A%2F%2Fdbscthumb-phinf.pstatic.net%2F0753_000_1%2F20111024141343715_76XEFZM64.jpg%2Ffe9_45_i2.jpg%3Ftype%3Dw450_fst_n%22&twidth=226&theight=226&opts=10
319,양배추,g,0,https://dthumb-phinf.pstatic.net/?src=%22https%3A%2F%2Fdbscthumb-phinf.pstatic.net%2F2543_000_1%2F20130718160637231_BBPLSDV56.jpg%2F3743_1.jpg%3Ftype%3Dw450_fst_n%22&twidth=226&theight=226&opts=10
320,건크랜베리,숟가락,0,
321,바나나,개,0,https://dthumb-phinf.pstatic.net/?src=%22https%3A%2F%2Fdbscthumb-phinf.pstatic.net%2F2758_000_1%2F20131008175843483_4A3H95BBV.jpg%2F262_i1.jpg%3Ftype%3Dw450_fst_n%22&twidth=226&theight=226&opts=10
322,슈가파우더,약간,0,
323,바나나우유,종이컵,0,
324,시나몬가루,약간,0,
325,옥수수캔,숟가락,0,
326,돈가스소스,적당량,0,
327,연겨자,g,1,
328,돼지바,개,0,
329,초코시럽,약간,0,
330,딸기,알,0,https://dthumb-phinf.pstatic.net/?src=%22https%3A%2F%2Fdbscthumb-phinf.pstatic.net%2F2543_000_1%2F20130718155920265_P663YEJT0.jpg%2F1487_1.jpg%3Ftype%3Dw450_fst_n%22&twidth=226&theight=226&opts=17
331,아이스크림,종이컵,0,
332,카카오닙스,숟가락,0,
333,고구마,개,0,https://dthumb-phinf.pstatic.net/?src=%22https%3A%2F%2Fdbscthumb-phinf.pstatic.net%2F2984_000_1%2F20140407160642754_TVEFU6MFI.jpg%2Fi-242_2-1.jpg%3Ftype%3Dw450_fst_n%22&twidth=226&theight=226&opts=17
334,참돔,토막,0,https://dthumb-phinf.pstatic.net/?src=%22https%3A%2F%2Fdbscthumb-phinf.pstatic.net%2F2758_000_1%2F20131008175839778_BKS94J113.jpg%2F259_i1.jpg%3Ftype%3Dw450_fst_n%22&twidth=226&theight=226&opts=10
335,바게트,개,0,
336,크림스파게티소스,숟가락,0,
337,펜네,종이컵,0,https://dthumb-phinf.pstatic.net/?src=%22https%3A%2F%2Fdbscthumb-phinf.pstatic.net%2F2758_000_1%2F20131008181544070_J84TAIHZP.jpg%2F754_i1.jpg%3Ftype%3Dw450_fst_n%22&twidth=226&theight=226&opts=10
338,저지방우유,종이컵,0,
339,닭가슴살소세지,개,0,
340,단호박,개,0,https://dthumb-phinf.pstatic.net/?src=%22https%3A%2F%2Fdbscthumb-phinf.pstatic.net%2F2758_000_1%2F20131008180239993_ECQONE4OQ.jpg%2F378_i1.jpg%3Ftype%3Dw450_fst_n%22&twidth=226&theight=226&opts=10
341,모듬견과류,줌,0,
342,플레인요거트,개,0,
343,훈제오리,g,0,
344,잡곡밥,g,0,
345,꽃게,마리,0,https://dthumb-phinf.pstatic.net/?src=%22https%3A%2F%2Fdbscthumb-phinf.pstatic.net%2F2543_000_1%2F20130718155737239_YBYY8YXTB.jpg%2F943_1.jpg%3Ftype%3Dw450_fst_n%22&twidth=226&theight=226&opts=17
346,쥬키니호박,개,0,
347,감자,개,0,https://dthumb-phinf.pstatic.net/?src=%22https%3A%2F%2Fdbscthumb-phinf.pstatic.net%2F2543_000_1%2F20130718155448431_6WRIBH10D.jpg%2F169_1.jpg%3Ftype%3Dw450_fst_n%22&twidth=226&theight=226&opts=10
348,비엔나소세지,개,0,
349,닭다리살,g,0,https://dthumb-phinf.pstatic.net/?src=%22https%3A%2F%2Fdbscthumb-phinf.pstatic.net%2F1729_000_1%2F20121218173606524_CRK1JKF86.jpg%2Ffe43_87_i1.jpg%3Ftype%3Dw450_fst_n%22&twidth=226&theight=226&opts=10
350,물만두,줌,0,
351,잔멸치,숟가락,0,https://dthumb-phinf.pstatic.net/?src=%22https%3A%2F%2Fdbscthumb-phinf.pstatic.net%2F2758_000_1%2F20131008180507871_CRRJJNTO5.jpg%2F452_i1.jpg%3Ftype%3Dw450_fst_n%22&twidth=226&theight=226&opts=10
352,고기볶음장,숟가락,0,
353,와사비진짜쫄면,봉,0,
354,XO교자,개,0,
355,바질가루,숟가락,0,
356,피클,숟가락,0,
357,떡국떡,종이컵,0,
358,백명란젓,개,0,
359,바지락살,g,0,
360,오이고추,g,0,
361,초대리,숟가락,0,
362,청피망,개,0,
363,홍피망,개,0,
364,쌀가루,적당량,1,https://dthumb-phinf.pstatic.net/?src=%22https%3A%2F%2Fdbscthumb-phinf.pstatic.net%2F2758_000_1%2F20131008175640062_ESA0IL0N8.jpg%2F195_i1.jpg%3Ftype%3Dw450_fst_n%22&twidth=226&theight=226&opts=10
365,모닝빵,개,0,
366,큐브치즈,봉지,0,
367,대게딱지장,개,0,
368,갈비통닭볶음면,개,0,
369,치즈,적당량,0,
370,멍게,개,0,https://dthumb-phinf.pstatic.net/?src=%22https%3A%2F%2Fdbscthumb-phinf.pstatic.net%2F5741_000_1%2F20191211120820444_GB4U7KWFB.jpg%2Ffe125_4132_i1.jpg%3Ftype%3Dw450_fst_n%22&twidth=226&theight=226&opts=17
371,매실절임,개,0,
372,배,개,0,https://dthumb-phinf.pstatic.net/?src=%22https%3A%2F%2Fdbscthumb-phinf.pstatic.net%2F5741_000_1%2F20190802105135741_T6TPM5IVJ.jpg%2Ffe125_2330_i1.jpg%3Ftype%3Dw450_fst_n%22&twidth=226&theight=226&opts=10
373,미니새송이버섯,종이컵,0,
374,허브솔트,약간,1,
375,검은깨,약간,1,https://dthumb-phinf.pstatic.net/?src=%22https%3A%2F%2Fdbscthumb-phinf.pstatic.net%2F2758_000_1%2F20131008180430126_A9ZXNM1P0.jpg%2F433_i1.jpg%3Ftype%3Dw450_fst_n%22&twidth=226&theight=226&opts=10
376,호박씨,약간,0,https://dthumb-phinf.pstatic.net/?src=%22https%3A%2F%2Fdbscthumb-phinf.pstatic.net%2F2758_000_1%2F20131008175859428_4D1XR93XN.jpg%2F271_i1.jpg%3Ftype%3Dw450_fst_n%22&twidth=226&theight=226&opts=10
377,귤청,숟가락,0,
378,연유,숟가락,0,
379,카야잼,숟가락,0,
380,귤잼,숟가락,0,
381,넙치,g,0,https://dthumb-phinf.pstatic.net/?src=%22https%3A%2F%2Fdbscthumb-phinf.pstatic.net%2F2543_000_1%2F20130718155814447_46XPF85N7.jpg%2F1077_1.jpg%3Ftype%3Dw450_fst_n%22&twidth=226&theight=226&opts=17
382,연어알,약간,0,https://dthumb-phinf.pstatic.net/?src=%22https%3A%2F%2Fdbscthumb-phinf.pstatic.net%2F1352_000_1%2F20120724154538852_TLUZMCXHP.jpg%2Ffe36_163_i21.jpg%3Ftype%3Dw450_fst%22&twidth=226&theight=226&opts=17
383,인스턴트원두커피,개,0,
384,귤칩,개,0,
385,카레라면,봉,0,
386,너구리라면,봉,0,
387,편의점우동,개,0,
388,편의점치킨꼬치,개,0,
389,날치알,숟가락,0,https://dthumb-phinf.pstatic.net/?src=%22https%3A%2F%2Fdbscthumb-phinf.pstatic.net%2F2758_000_1%2F20131008181031830_IY7QO3418.jpg%2F605_i1.jpg%3Ftype%3Dw450_fst_n%22&twidth=226&theight=226&opts=10
390,컵라면,개,0,
391,샘표가마솥방식사골육수,포,0,
392,손질바지락,종이컵,0,
393,장조림,캔,0,
394,장조림소스,숟가락,1,
395,짬뽕라면,개,0,
396,쌀국수,g,0,
397,알새우,g,0,
398,버섯,개,0,https://dthumb-phinf.pstatic.net/?src=%22https%3A%2F%2Fdbscthumb-phinf.pstatic.net%2F2984_000_1%2F20140407160429054_VQ9SZ7U80.jpg%2Fi-215_1-1.jpg%3Ftype%3Dw450_fst_n%22&twidth=226&theight=226&opts=17
399,닭육수,종이컵,0,
400,양조간장,종이컵,1,
401,짜장라면,개,0,
402,불린미역,종이컵,0,
403,만두피,장,0,
404,불닭떡볶이,개,0,
405,닭살,g,0,https://dthumb-phinf.pstatic.net/?src=%22https%3A%2F%2Fdbscthumb-phinf.pstatic.net%2F2758_000_1%2F20131008175321925_O10T1UJIW.jpg%2F87_i1.jpg%3Ftype%3Dw450_fst_n%22&twidth=226&theight=226&opts=10
406,배음료,종이컵,0,
407,스팸버거빵,개,0,
408,냉동감자튀김,종이컵,0,
409,시리얼,종이컵,0,https://dthumb-phinf.pstatic.net/?src=%22https%3A%2F%2Fdbscthumb-phinf.pstatic.net%2F1767_000_1%2F20130118163721534_ZFLIVK4SS.jpg%2Ffe49_17_i1.jpg%3Ftype%3Dw450_fst_n%22&twidth=226&theight=226&opts=10
410,우동사리,인분,0,
411,어묵,장,0,https://dthumb-phinf.pstatic.net/?src=%22https%3A%2F%2Fdbscthumb-phinf.pstatic.net%2F2644_000_4%2F20150326022558492_HTWIGC1UX.jpg%2F6d2e9ef0-e48c-47.jpg%3Ftype%3Dw450_fst_nce%22&twidth=226&theight=226&opts=17
412,초생강,g,0,
413,후리가케,숟가락,0,
414,코코넛,종이컵,0,https://dthumb-phinf.pstatic.net/?src=%22https%3A%2F%2Fdbscthumb-phinf.pstatic.net%2F2758_000_1%2F20131008180857026_X99NNP7DA.jpg%2F563_i1.jpg%3Ftype%3Dw450_fst_n%22&twidth=226&theight=226&opts=10
415,편의점돈까스도시락,개,0,
416,편의점김치찌개,개,0,
417,족발,g,0,
418,핫초코,봉지,0,
419,무화과,개,0,https://dthumb-phinf.pstatic.net/?src=%22https%3A%2F%2Fdbscthumb-phinf.pstatic.net%2F2758_000_1%2F20131008180334807_P8OE8EPED.jpg%2F406_i1.jpg%3Ftype%3Dw450_fst_n%22&twidth=226&theight=226&opts=10
420,배추김치,종이컵,0,
421,달걀프라이,개,0,
422,카라멜시럽,숟가락,0,
423,생크림카라멜소스,약간,0,
424,육개장칼국수,봉,0,
425,반숙달걀,개,0,
426,사리곰탕라면,개,0,
427,또띠아,장,0,
428,불닭소스,개,0,
429,3분함박스테이크,개,0,
430,노란파프리카,개,0,
431,초록파프리카,개,0,
432,새싹채소,줌,0,
433,당근채,개,0,
434,가지,개,0,https://dthumb-phinf.pstatic.net/?src=%22https%3A%2F%2Fdbscthumb-phinf.pstatic.net%2F0700_000_1%2F20110809154649730_FQ54612SG.jpg%2F297_i1.jpg%3Ftype%3Dw450_fst_n%22&twidth=226&theight=226&opts=10
435,치킨스톡,숟가락,0,
436,크림소스,종이컵,0,
437,연두순,숟가락,0,
438,호빵,개,0,
439,블랙올리브,개,0,
440,홍차티백,개,0,
441,아이스티가루,개,0,
442,쯔유,숟가락,0,
443,그린티라떼,봉지,0,
444,커피믹스,개,0,
445,전복,개,0,https://dthumb-phinf.pstatic.net/?src=%22https%3A%2F%2Fdbscthumb-phinf.pstatic.net%2F0700_000_1%2F20110809154651961_0SDFMH4D6.jpg%2F311_i1.jpg%3Ftype%3Dw450_fst_n%22&twidth=226&theight=226&opts=10
446,중국당면,g,0,
447,칵테일새우,줌,0,
448,동그랑땡,개,0,
449,골든그래놀라밀크바,개,0,
450,어린잎채소,줌,0,
451,오징어젓갈,숟가락,0,
452,발사믹드레싱,약간,1,
453,카놀라유,숟가락,1,
454,메밀건면,인분,0,
455,육우,g,0,
456,떡볶이떡,개,0,
457,자색고구마,개,0,https://dthumb-phinf.pstatic.net/?src=%22https%3A%2F%2Fdbscthumb-phinf.pstatic.net%2F2758_000_1%2F20131008175442457_BMGJYB37C.jpg%2F131_i1.jpg%3Ftype%3Dw450_fst_n%22&twidth=226&theight=226&opts=10
458,골든그래놀라,종이컵,0,
459,민트,약간,0,https://dthumb-phinf.pstatic.net/?src=%22https%3A%2F%2Fdbscthumb-phinf.pstatic.net%2F2758_000_1%2F20131008180549471_RMZYBJ2HA.jpg%2F470_i1.jpg%3Ftype%3Dw450_fst_n%22&twidth=226&theight=226&opts=10
460,미니초코칩쿠키,봉지,0,
461,가자미살,g,0,
462,멸치,줌,0,https://dthumb-phinf.pstatic.net/?src=%22https%3A%2F%2Fdbscthumb-phinf.pstatic.net%2F2758_000_1%2F20131008180506875_YQAAQLNYF.jpg%2F451_i1.jpg%3Ftype%3Dw450_fst_n%22&twidth=226&theight=226&opts=10
463,브라우니,조각,0,
464,오레오,개,0,
465,휘핑크림,취향껏,0,
466,자두,개,0,https://dthumb-phinf.pstatic.net/?src=%22https%3A%2F%2Fdbscthumb-phinf.pstatic.net%2F2758_000_1%2F20131008175606288_5GNHRRWO6.jpg%2F176_i1.jpg%3Ftype%3Dw450_fst_n%22&twidth=226&theight=226&opts=17
467,키위,개,0,https://dthumb-phinf.pstatic.net/?src=%22https%3A%2F%2Fdbscthumb-phinf.pstatic.net%2F5741_000_1%2F20190814182005823_G5L7XRTEO.jpg%2Ffe125_2776_i1.jpg%3Ftype%3Dw450_fst_n%22&twidth=226&theight=226&opts=10
468,블루베리,종이컵,0,https://dthumb-phinf.pstatic.net/?src=%22https%3A%2F%2Fdbscthumb-phinf.pstatic.net%2F3041_000_1%2F20140520151412395_9RD25XNZB.jpg%2Fgnu84_t.jpg%3Ftype%3Dw450_fst_n%22&twidth=226&theight=226&opts=10
469,파슬리,약간,0,https://dthumb-phinf.pstatic.net/?src=%22https%3A%2F%2Fdbscthumb-phinf.pstatic.net%2F2543_000_1%2F20130718161509888_MEGHEYWNS.jpg%2F6226_1.jpg%3Ftype%3Dw450_fst_n%22&twidth=226&theight=226&opts=17
470,냉면육수,팩,0,
471,메이플시럽,숟가락,0,https://dthumb-phinf.pstatic.net/?src=%22https%3A%2F%2Fdbscthumb-phinf.pstatic.net%2F2758_000_1%2F20131008182024431_HNT8Y3WXL.jpg%2F1170_i1.jpg%3Ftype%3Dw450_fst_n%22&twidth=226&theight=226&opts=10
472,미니단호박,개,0,
473,생면,인분,0,https://dthumb-phinf.pstatic.net/?src=%22https%3A%2F%2Fdbscthumb-phinf.pstatic.net%2F2758_000_1%2F20131008181609042_CNNR10P7I.jpg%2F768_i1.jpg%3Ftype%3Dw450_fst_n%22&twidth=226&theight=226&opts=10
474,땅콩버터,숟가락,0,https://dthumb-phinf.pstatic.net/?src=%22https%3A%2F%2Fdbscthumb-phinf.pstatic.net%2F2758_000_1%2F20131008181809640_LJAVJAIPG.jpg%2F829_i1.jpg%3Ftype%3Dw450_fst_n%22&twidth=226&theight=226&opts=10
475,쌈장,약간,1,https://dthumb-phinf.pstatic.net/?src=%22https%3A%2F%2Fdbscthumb-phinf.pstatic.net%2F2758_000_1%2F20131008181918710_QNXFGH38S.jpg%2F861_i1.jpg%3Ftype%3Dw450_fst_n%22&twidth=226&theight=226&opts=10
476,소라,마리,0,https://dthumb-phinf.pstatic.net/?src=%22https%3A%2F%2Fdbscthumb-phinf.pstatic.net%2F2984_000_1%2F20140407160227850_Y3CLGQX99.jpg%2Fi-187_2-1.jpg%3Ftype%3Dw450_fst_n%22&twidth=226&theight=226&opts=17
477,월계수잎,개,0,https://dthumb-phinf.pstatic.net/?src=%22https%3A%2F%2Fdbscthumb-phinf.pstatic.net%2F2758_000_1%2F20131008181354456_HDQWPNKKZ.jpg%2F701_i1.jpg%3Ftype%3Dw450_fst_n%22&twidth=226&theight=226&opts=10
478,콩국수라면,봉,0,
479,겨자,약간,1,https://dthumb-phinf.pstatic.net/?src=%22https%3A%2F%2Fdbscthumb-phinf.pstatic.net%2F1005_000_1%2F20120321172245849_EYXH23GXY.jpg%2Ffe25_0025_i1.jpg%3Ftype%3Dw450_fst_n%22&twidth=226&theight=226&opts=10
480,블랙커피,g,0,
481,차가운물,종이컵,1,
482,코코아파우더,약간,0,https://dthumb-phinf.pstatic.net/?src=%22https%3A%2F%2Fdbscthumb-phinf.pstatic.net%2F1005_000_1%2F20120614170454065_K9MVL24DO.jpg%2Ffe32_0010_i1.jpg%3Ftype%3Dw450_fst_n%22&twidth=226&theight=226&opts=10
483,도토리묵,g,0,
484,오이채,개,0,
485,냉동만두,개,0,
486,코코넛밀크,종이컵,0,https://dthumb-phinf.pstatic.net/?src=%22https%3A%2F%2Fdbscthumb-phinf.pstatic.net%2F2758_000_1%2F20131008180858810_TNY6DKVLJ.jpg%2F564_i1.jpg%3Ftype%3Dw450_fst_n%22&twidth=226&theight=226&opts=10
487,케일,장,0,https://dthumb-phinf.pstatic.net/?src=%22https%3A%2F%2Fdbscthumb-phinf.pstatic.net%2F2543_000_1%2F20130718161401841_NB6LXVKSS.jpg%2F5819_1.jpg%3Ftype%3Dw450_fst_n%22&twidth=226&theight=226&opts=17
488,코코넛워터,종이컵,0,
489,자몽,개,0,https://dthumb-phinf.pstatic.net/?src=%22https%3A%2F%2Fdbscthumb-phinf.pstatic.net%2F2758_000_1%2F20131008180439638_Y22L3Q4CZ.jpg%2F438_i1.jpg%3Ftype%3Dw450_fst_n%22&twidth=226&theight=226&opts=10
490,메밀국수,인분,0,
491,냉면사리,인분,0,
492,열무김치,g,0,
493,쌈무,장,0,
494,깨,약간,1,https://dthumb-phinf.pstatic.net/?src=%22https%3A%2F%2Fdbscthumb-phinf.pstatic.net%2F2758_000_1%2F20131008180427115_WDS7SNNO8.jpg%2F431_i1.jpg%3Ftype%3Dw450_fst_n%22&twidth=226&theight=226&opts=10
495,열무김치국물,종이컵,0,
496,볶은땅콩,숟가락,0,
497,볶은깨,숟가락,0,
498,망고,개,0,https://dthumb-phinf.pstatic.net/?src=%22https%3A%2F%2Fdbscthumb-phinf.pstatic.net%2F5741_000_1%2F20190802181438104_OZYXMJGMF.jpg%2Ffe125_2037_i1.jpg%3Ftype%3Dw450_fst_n%22&twidth=226&theight=226&opts=17
499,양배추채,장,0,
500,반죽믹스,봉,0,
501,김치소스,봉,1,
502,초코펜,개,0,
503,식소다,약간,0,
504,다시다,숟가락,1,
505,사과식초,숟가락,1,
506,삼겹살,줄,0,https://dthumb-phinf.pstatic.net/?src=%22https%3A%2F%2Fdbscthumb-phinf.pstatic.net%2F2758_000_1%2F20131008174919162_BG17B8C2R.jpg%2F36_i1.jpg%3Ftype%3Dw450_fst_n%22&twidth=226&theight=226&opts=10
507,가쓰오부시육수,g,0,
508,오모리김치찌개,봉지,0,
509,비트,g,0,https://dthumb-phinf.pstatic.net/?src=%22https%3A%2F%2Fdbscthumb-phinf.pstatic.net%2F2758_000_1%2F20131008175706217_FADOC85V7.jpg%2F209_i1.jpg%3Ftype%3Dw450_fst_n%22&twidth=226&theight=226&opts=10
510,직화닭발,팩,0,
511,멍게젓갈,종이컵,0,
512,적채,장,0,https://dthumb-phinf.pstatic.net/?src=%22https%3A%2F%2Fdbscthumb-phinf.pstatic.net%2F2758_000_1%2F20131008180116846_TC4VO9GDS.jpg%2F336_i1.jpg%3Ftype%3Dw450_fst_n%22&twidth=226&theight=226&opts=10
513,노른자지단,장,0,
514,오뚜기옛날들깨감자탕,팩,0,
515,오뚜기톡톡김치알밥,개,0,
516,쫄면사리,인분,0,
517,데친유부,장,0,
518,데친어묵,장,0,
519,컵떡볶이,개,0,
520,치킨꼬치,개,0,
521,우스타소스,숟가락,1,
522,콩가루,숟가락,1,https://dthumb-phinf.pstatic.net/?src=%22https%3A%2F%2Fdbscthumb-phinf.pstatic.net%2F2758_000_1%2F20131008181724998_5NZLWJU3Q.jpg%2F806_i1.jpg%3Ftype%3Dw450_fst_n%22&twidth=226&theight=226&opts=10
523,판어묵,장,0,
524,짜장불닭컵,개,0,
525,낙지,마리,0,https://dthumb-phinf.pstatic.net/?src=%22https%3A%2F%2Fdbscthumb-phinf.pstatic.net%2F2758_000_1%2F20131008180331239_111MOCVSI.jpg%2F401_i1.jpg%3Ftype%3Dw450_fst_n%22&twidth=226&theight=226&opts=10
526,판젤라틴,장,0,
527,치커리,약간,0,https://dthumb-phinf.pstatic.net/?src=%22https%3A%2F%2Fdbscthumb-phinf.pstatic.net%2F2984_000_1%2F20140407160333445_1C5MC174V.jpg%2Fi-204_3-1.jpg%3Ftype%3Dw450_fst_n%22&twidth=226&theight=226&opts=17
528,손질한달래,g,0,
529,부순깨,약간,1,
530,돈코츠라멘,봉,0,
531,생연어,g,0,
532,빠다코코낫,조각,0,
533,양갱,개,0,
534,콜라,종이컵,0,
535,순두부,개,0,https://dthumb-phinf.pstatic.net/?src=%22https%3A%2F%2Fdbscthumb-phinf.pstatic.net%2F2543_000_1%2F20130718160405023_XJ8DBLDFS.jpg%2F3076_1.jpg%3Ftype%3Dw450_fst_n%22&twidth=226&theight=226&opts=17
536,튀긴돈까스,장,0,
537,돈까스소스,숟가락,1,
538,봄동,g,0,https://dthumb-phinf.pstatic.net/?src=%22https%3A%2F%2Fdbscthumb-phinf.pstatic.net%2F2758_000_1%2F20131008181248563_2OWEOQ3MS.jpg%2F670_i1.jpg%3Ftype%3Dw450_fst_n%22&twidth=226&theight=226&opts=10
539,분유,봉지,0,
540,밤,개,0,https://dthumb-phinf.pstatic.net/?src=%22https%3A%2F%2Fdbscthumb-phinf.pstatic.net%2F2644_000_17%2F20190328181732518_AG7BWDK1I.jpg%2Feac3c538-f9a8-43.jpg%3Ftype%3Dw450_fst_nce%22&twidth=226&theight=226&opts=10
541,닭가슴살캔,캔,0,
542,동치미국물,종이컵,0,
543,동치미무,약간,0,
544,빠네빵,개,0,
545,적양배추,장,0,
546,참깨드레싱,숟가락,1,
547,오감자,봉지,0,
548,양배추속잎,g,0,
549,너겟,개,0,
550,포카칩,줌,0,
551,판초콜릿,개,0,
552,감자칩,봉지,0,
553,아삭이고추,개,0,
554,중새우,마리,0,
555,타르타르소스,숟가락,1,
556,신라면,개,0,
557,누룽지,개,0,
558,가마솥방식사골육수,포,0,
559,꿀호떡,개,0,
560,명란,개,0,https://dthumb-phinf.pstatic.net/?src=%22https%3A%2F%2Fdbscthumb-phinf.pstatic.net%2F2758_000_1%2F20131008180020464_J3EK8W5WS.jpg%2F307_i1.jpg%3Ftype%3Dw450_fst_n%22&twidth=226&theight=226&opts=10
561,녹차티백,개,0,
562,액젓,숟가락,1,
563,찹쌀,스푼,1,https://dthumb-phinf.pstatic.net/?src=%22https%3A%2F%2Fdbscthumb-phinf.pstatic.net%2F2984_000_1%2F20140407160637396_AEI0UUG08.jpg%2Fi-241_2-1.jpg%3Ftype%3Dw450_fst_n%22&twidth=226&theight=226&opts=17
564,배추겉잎,장,0,
565,찰떡아이스크림,개,0,
566,우엉절임,줄,0,
567,고추장아찌,개,0,
568,파르메산치즈가루,약간,0,
569,사골육수,컵,0,
570,베이글,개,0,
571,파,숟가락,0,https://dthumb-phinf.pstatic.net/?src=%22https%3A%2F%2Fdbscthumb-phinf.pstatic.net%2F2543_000_1%2F20130718161507267_N22X1J48H.jpg%2F6206_1.jpg%3Ftype%3Dw450_fst_n%22&twidth=226&theight=226&opts=10
572,건다시마,장,0,
573,스테이크소스,숟가락,1,
574,안심,g,0,
575,포도즙,g,0,
576,요구르트,개,0,
577,오렌지,개,0,https://dthumb-phinf.pstatic.net/?src=%22https%3A%2F%2Fdbscthumb-phinf.pstatic.net%2F2758_000_1%2F20131008175613765_9O5D6LZHE.jpg%2F181_i1.jpg%3Ftype%3Dw450_fst_n%22&twidth=226&theight=226&opts=10
578,주황파프리카,개,0,
579,수박,쪽,0,https://dthumb-phinf.pstatic.net/?src=%22https%3A%2F%2Fdbscthumb-phinf.pstatic.net%2F1290_000_1%2F20120706185229903_UAE9VJ25V.jpg%2Fff2_37_i1.jpg%3Ftype%3Dw450_fst_n%22&twidth=226&theight=226&opts=10
580,냉동딸기,개,0,
581,닭고기안심,쪽,0,
582,통조림파인애플,개,0,
583,땅콩,약간,0,https://dthumb-phinf.pstatic.net/?src=%22https%3A%2F%2Fdbscthumb-phinf.pstatic.net%2F5741_000_1%2F20190321154630736_XZ3OQAYW1.jpg%2Ffe125_653_i1.jpg%3Ftype%3Dw450_fst_n%22&twidth=226&theight=226&opts=10
584,노른자,개,0,
585,치즈돈가스,장,0,
586,땅콩잼,숟가락,1,
587,액상간장소스,개,1,
588,감자수제비,g,0,
589,떡갈비,먹을만큼,0,
590,꼬막통조림,통,0,
591,비빔라면,개,0,
592,키위드레싱,숟가락,1,
593,국수,인분,0,https://dthumb-phinf.pstatic.net/?src=%22https%3A%2F%2Fdbscthumb-phinf.pstatic.net%2F2758_000_1%2F20131008175949218_0DBXGXDL4.jpg%2F293_i1.jpg%3Ftype%3Dw450_fst_n%22&twidth=226&theight=226&opts=10
594,크루통,숟가락,0,
595,크림치즈,숟가락,0,
596,시금치나물,g,0,
597,도라지나물,g,0,
598,고사리나물,g,0,
599,죠리퐁,컵,0,
600,전분가루,숟가락,1,
601,생수,컵,1,
602,꼬막,g,0,https://dthumb-phinf.pstatic.net/?src=%22https%3A%2F%2Fdbscthumb-phinf.pstatic.net%2F2758_000_1%2F20131008180633689_RSR6WNI27.jpg%2F494_i1.jpg%3Ftype%3Dw450_fst_n%22&twidth=226&theight=226&opts=10
603,깍두기,컵,0,
604,깍두기국물,숟가락,0,
605,바질잎,장,0,
606,남은추석나물,컵,0,
607,다진피망,개,0,
608,인스턴트우동,인분,0,
609,녹차가루,숟가락,0,https://dthumb-phinf.pstatic.net/?src=%22https%3A%2F%2Fdbscthumb-phinf.pstatic.net%2F2758_000_1%2F20131008181943173_EZDBPTDNB.jpg%2F874_i1.jpg%3Ftype%3Dw450_fst_n%22&twidth=226&theight=226&opts=10
610,작게부순초콜릿(초코칩),약간,0,
611,닭,마리,0,
612,대추,알,0,https://dthumb-phinf.pstatic.net/?src=%22https%3A%2F%2Fdbscthumb-phinf.pstatic.net%2F5741_000_1%2F20190814181850659_4ZVWY2APL.jpg%2Ffe125_2748_i1.jpg%3Ftype%3Dw450_fst_n%22&twidth=226&theight=226&opts=17
613,인삼,뿌리,0,https://dthumb-phinf.pstatic.net/?src=%22https%3A%2F%2Fdbscthumb-phinf.pstatic.net%2F0753_000_1%2F20111024141326988_3MB5SL31Q.jpg%2Ffe9_42_i1.jpg%3Ftype%3Dw450_fst_n%22&twidth=226&theight=226&opts=10
614,은행,알,0,https://dthumb-phinf.pstatic.net/?src=%22https%3A%2F%2Fdbscthumb-phinf.pstatic.net%2F2984_000_1%2F20140407160522655_BIHONOX3H.jpg%2Fi-226_4-1.jpg%3Ftype%3Dw450_fst_n%22&twidth=226&theight=226&opts=17
615,순대와내장,줌,0,
616,치자단무지,숟가락,0,
617,야채후레이크,숟가락,0,
618,훈제연어,팩,0,https://dthumb-phinf.pstatic.net/?src=%22https%3A%2F%2Fdbscthumb-phinf.pstatic.net%2F2758_000_1%2F20131008175828197_23YNBUVHZ.jpg%2F253_i1.jpg%3Ftype%3Dw450_fst_n%22&twidth=226&theight=226&opts=10
619,미림,숟가락,1,
620,가스오부시,조금,0,
621,오뎅,장,0,
622,야채,취향것,0,
623,녹말,숟가락,1,
624,김치볶음밥,적당량,0,
625,커피가루,숟가락,0,
